Instrument,Performance,Parameters,Total net profit,Gross profit,Gross loss,Profit factor,Max. drawdown,Total # of trades,Percent profitable,
NQ 06-26,2.03108808290155,True/2/0/3/0/8/155/300/False/False/1001/1/1/1/140/True/1.6/True/True/False/False/False/800/400/False/False/0.3/panthionIcon4.png/Oden2.png/PantheonMasterBotV01TesterV2 (Use_Time_Filter Start_Time_(HH) Start_Time_(mm) Duration_Time_(HH) Duration_Time_(mm) averageFast averageSlow averageTrend UseTrend UseTrendReverse ProfitStop LossStop MaxTrades Contracts MaxStop Use_MaxStop MaxTPRatio Use_MaxTP Long Short Reverse Use_Kill Kill_Profit_Stop Kill_Loss_Stop Show_Current_PNL Show_Stats_Box Image_Opacity Corner_Image Background_Image Bot_Name ),3980,7840,-3860,2.03108808290155,-1165,18,0.388888888888889,
,2.03108808290155,True/2/0/3/0/8/155/300/False/False/1001/801/1/1/140/True/1.6/True/True/False/False/False/800/400/False/False/0.3/panthionIcon4.png/Oden2.png/PantheonMasterBotV01TesterV2 (Use_Time_Filter Start_Time_(HH) Start_Time_(mm) Duration_Time_(HH) Duration_Time_(mm) averageFast averageSlow averageTrend UseTrend UseTrendReverse ProfitStop LossStop MaxTrades Contracts MaxStop Use_MaxStop MaxTPRatio Use_MaxTP Long Short Reverse Use_Kill Kill_Profit_Stop Kill_Loss_Stop Show_Current_PNL Show_Stats_Box Image_Opacity Corner_Image Background_Image Bot_Name ),3980,7840,-3860,2.03108808290155,-1165,18,0.388888888888889,
,1.95267745952677,True/2/0/3/0/8/155/300/False/False/1/1/1/1/140/True/1.6/True/True/False/False/False/800/400/False/False/0.3/panthionIcon4.png/Oden2.png/PantheonMasterBotV01TesterV2 (Use_Time_Filter Start_Time_(HH) Start_Time_(mm) Duration_Time_(HH) Duration_Time_(mm) averageFast averageSlow averageTrend UseTrend UseTrendReverse ProfitStop LossStop MaxTrades Contracts MaxStop Use_MaxStop MaxTPRatio Use_MaxTP Long Short Reverse Use_Kill Kill_Profit_Stop Kill_Loss_Stop Show_Current_PNL Show_Stats_Box Image_Opacity Corner_Image Background_Image Bot_Name ),3825,7840,-4015,1.95267745952677,-1165,19,0.368421052631579,
,1.95267745952677,True/2/0/3/0/8/155/300/False/False/1/801/1/1/140/True/1.6/True/True/False/False/False/800/400/False/False/0.3/panthionIcon4.png/Oden2.png/PantheonMasterBotV01TesterV2 (Use_Time_Filter Start_Time_(HH) Start_Time_(mm) Duration_Time_(HH) Duration_Time_(mm) averageFast averageSlow averageTrend UseTrend UseTrendReverse ProfitStop LossStop MaxTrades Contracts MaxStop Use_MaxStop MaxTPRatio Use_MaxTP Long Short Reverse Use_Kill Kill_Profit_Stop Kill_Loss_Stop Show_Current_PNL Show_Stats_Box Image_Opacity Corner_Image Background_Image Bot_Name ),3825,7840,-4015,1.95267745952677,-1165,19,0.368421052631579,
,1.52650176678445,True/2/0/3/0/8/155/300/False/False/1/801/4/1/140/True/1.6/True/True/False/False/False/800/400/False/False/0.3/panthionIcon4.png/Oden2.png/PantheonMasterBotV01TesterV2 (Use_Time_Filter Start_Time_(HH) Start_Time_(mm) Duration_Time_(HH) Duration_Time_(mm) averageFast averageSlow averageTrend UseTrend UseTrendReverse ProfitStop LossStop MaxTrades Contracts MaxStop Use_MaxStop MaxTPRatio Use_MaxTP Long Short Reverse Use_Kill Kill_Profit_Stop Kill_Loss_Stop Show_Current_PNL Show_Stats_Box Image_Opacity Corner_Image Background_Image Bot_Name ),3725,10800,-7075,1.52650176678445,-1535,24,0.541666666666667,
,1.52650176678445,True/2/0/3/0/8/155/300/False/False/1/801/3/1/140/True/1.6/True/True/False/False/False/800/400/False/False/0.3/panthionIcon4.png/Oden2.png/PantheonMasterBotV01TesterV2 (Use_Time_Filter Start_Time_(HH) Start_Time_(mm) Duration_Time_(HH) Duration_Time_(mm) averageFast averageSlow averageTrend UseTrend UseTrendReverse ProfitStop LossStop MaxTrades Contracts MaxStop Use_MaxStop MaxTPRatio Use_MaxTP Long Short Reverse Use_Kill Kill_Profit_Stop Kill_Loss_Stop Show_Current_PNL Show_Stats_Box Image_Opacity Corner_Image Background_Image Bot_Name ),3725,10800,-7075,1.52650176678445,-1535,24,0.541666666666667,
,1.51024734982332,True/2/0/3/0/8/155/300/False/False/1/801/15/1/140/True/1.6/True/True/False/False/False/800/400/False/False/0.3/panthionIcon4.png/Oden2.png/PantheonMasterBotV01TesterV2 (Use_Time_Filter Start_Time_(HH) Start_Time_(mm) Duration_Time_(HH) Duration_Time_(mm) averageFast averageSlow averageTrend UseTrend UseTrendReverse ProfitStop LossStop MaxTrades Contracts MaxStop Use_MaxStop MaxTPRatio Use_MaxTP Long Short Reverse Use_Kill Kill_Profit_Stop Kill_Loss_Stop Show_Current_PNL Show_Stats_Box Image_Opacity Corner_Image Background_Image Bot_Name ),3610,10685,-7075,1.51024734982332,-1535,23,0.521739130434783,
,1.51024734982332,True/2/0/3/0/8/155/300/False/False/1/801/5/1/140/True/1.6/True/True/False/False/False/800/400/False/False/0.3/panthionIcon4.png/Oden2.png/PantheonMasterBotV01TesterV2 (Use_Time_Filter Start_Time_(HH) Start_Time_(mm) Duration_Time_(HH) Duration_Time_(mm) averageFast averageSlow averageTrend UseTrend UseTrendReverse ProfitStop LossStop MaxTrades Contracts MaxStop Use_MaxStop MaxTPRatio Use_MaxTP Long Short Reverse Use_Kill Kill_Profit_Stop Kill_Loss_Stop Show_Current_PNL Show_Stats_Box Image_Opacity Corner_Image Background_Image Bot_Name ),3610,10685,-7075,1.51024734982332,-1535,23,0.521739130434783,
,1.51024734982332,True/2/0/3/0/8/155/300/False/False/1/801/14/1/140/True/1.6/True/True/False/False/False/800/400/False/False/0.3/panthionIcon4.png/Oden2.png/PantheonMasterBotV01TesterV2 (Use_Time_Filter Start_Time_(HH) Start_Time_(mm) Duration_Time_(HH) Duration_Time_(mm) averageFast averageSlow averageTrend UseTrend UseTrendReverse ProfitStop LossStop MaxTrades Contracts MaxStop Use_MaxStop MaxTPRatio Use_MaxTP Long Short Reverse Use_Kill Kill_Profit_Stop Kill_Loss_Stop Show_Current_PNL Show_Stats_Box Image_Opacity Corner_Image Background_Image Bot_Name ),3610,10685,-7075,1.51024734982332,-1535,23,0.521739130434783,
,1.51024734982332,True/2/0/3/0/8/155/300/False/False/1/801/13/1/140/True/1.6/True/True/False/False/False/800/400/False/False/0.3/panthionIcon4.png/Oden2.png/PantheonMasterBotV01TesterV2 (Use_Time_Filter Start_Time_(HH) Start_Time_(mm) Duration_Time_(HH) Duration_Time_(mm) averageFast averageSlow averageTrend UseTrend UseTrendReverse ProfitStop LossStop MaxTrades Contracts MaxStop Use_MaxStop MaxTPRatio Use_MaxTP Long Short Reverse Use_Kill Kill_Profit_Stop Kill_Loss_Stop Show_Current_PNL Show_Stats_Box Image_Opacity Corner_Image Background_Image Bot_Name ),3610,10685,-7075,1.51024734982332,-1535,23,0.521739130434783,
,1.51024734982332,True/2/0/3/0/8/155/300/False/False/1/801/8/1/140/True/1.6/True/True/False/False/False/800/400/False/False/0.3/panthionIcon4.png/Oden2.png/PantheonMasterBotV01TesterV2 (Use_Time_Filter Start_Time_(HH) Start_Time_(mm) Duration_Time_(HH) Duration_Time_(mm) averageFast averageSlow averageTrend UseTrend UseTrendReverse ProfitStop LossStop MaxTrades Contracts MaxStop Use_MaxStop MaxTPRatio Use_MaxTP Long Short Reverse Use_Kill Kill_Profit_Stop Kill_Loss_Stop Show_Current_PNL Show_Stats_Box Image_Opacity Corner_Image Background_Image Bot_Name ),3610,10685,-7075,1.51024734982332,-1535,23,0.521739130434783,
,1.51024734982332,True/2/0/3/0/8/155/300/False/False/1/801/20/1/140/True/1.6/True/True/False/False/False/800/400/False/False/0.3/panthionIcon4.png/Oden2.png/PantheonMasterBotV01TesterV2 (Use_Time_Filter Start_Time_(HH) Start_Time_(mm) Duration_Time_(HH) Duration_Time_(mm) averageFast averageSlow averageTrend UseTrend UseTrendReverse ProfitStop LossStop MaxTrades Contracts MaxStop Use_MaxStop MaxTPRatio Use_MaxTP Long Short Reverse Use_Kill Kill_Profit_Stop Kill_Loss_Stop Show_Current_PNL Show_Stats_Box Image_Opacity Corner_Image Background_Image Bot_Name ),3610,10685,-7075,1.51024734982332,-1535,23,0.521739130434783,
,1.51024734982332,True/2/0/3/0/8/155/300/False/False/1/801/7/1/140/True/1.6/True/True/False/False/False/800/400/False/False/0.3/panthionIcon4.png/Oden2.png/PantheonMasterBotV01TesterV2 (Use_Time_Filter Start_Time_(HH) Start_Time_(mm) Duration_Time_(HH) Duration_Time_(mm) averageFast averageSlow averageTrend UseTrend UseTrendReverse ProfitStop LossStop MaxTrades Contracts MaxStop Use_MaxStop MaxTPRatio Use_MaxTP Long Short Reverse Use_Kill Kill_Profit_Stop Kill_Loss_Stop Show_Current_PNL Show_Stats_Box Image_Opacity Corner_Image Background_Image Bot_Name ),3610,10685,-7075,1.51024734982332,-1535,23,0.521739130434783,
,1.51024734982332,True/2/0/3/0/8/155/300/False/False/1/801/18/1/140/True/1.6/True/True/False/False/False/800/400/False/False/0.3/panthionIcon4.png/Oden2.png/PantheonMasterBotV01TesterV2 (Use_Time_Filter Start_Time_(HH) Start_Time_(mm) Duration_Time_(HH) Duration_Time_(mm) averageFast averageSlow averageTrend UseTrend UseTrendReverse ProfitStop LossStop MaxTrades Contracts MaxStop Use_MaxStop MaxTPRatio Use_MaxTP Long Short Reverse Use_Kill Kill_Profit_Stop Kill_Loss_Stop Show_Current_PNL Show_Stats_Box Image_Opacity Corner_Image Background_Image Bot_Name ),3610,10685,-7075,1.51024734982332,-1535,23,0.521739130434783,
,1.51024734982332,True/2/0/3/0/8/155/300/False/False/1/801/17/1/140/True/1.6/True/True/False/False/False/800/400/False/False/0.3/panthionIcon4.png/Oden2.png/PantheonMasterBotV01TesterV2 (Use_Time_Filter Start_Time_(HH) Start_Time_(mm) Duration_Time_(HH) Duration_Time_(mm) averageFast averageSlow averageTrend UseTrend UseTrendReverse ProfitStop LossStop MaxTrades Contracts MaxStop Use_MaxStop MaxTPRatio Use_MaxTP Long Short Reverse Use_Kill Kill_Profit_Stop Kill_Loss_Stop Show_Current_PNL Show_Stats_Box Image_Opacity Corner_Image Background_Image Bot_Name ),3610,10685,-7075,1.51024734982332,-1535,23,0.521739130434783,
,1.51024734982332,True/2/0/3/0/8/155/300/False/False/1/801/12/1/140/True/1.6/True/True/False/False/False/800/400/False/False/0.3/panthionIcon4.png/Oden2.png/PantheonMasterBotV01TesterV2 (Use_Time_Filter Start_Time_(HH) Start_Time_(mm) Duration_Time_(HH) Duration_Time_(mm) averageFast averageSlow averageTrend UseTrend UseTrendReverse ProfitStop LossStop MaxTrades Contracts MaxStop Use_MaxStop MaxTPRatio Use_MaxTP Long Short Reverse Use_Kill Kill_Profit_Stop Kill_Loss_Stop Show_Current_PNL Show_Stats_Box Image_Opacity Corner_Image Background_Image Bot_Name ),3610,10685,-7075,1.51024734982332,-1535,23,0.521739130434783,
,1.51024734982332,True/2/0/3/0/8/155/300/False/False/1/801/19/1/140/True/1.6/True/True/False/False/False/800/400/False/False/0.3/panthionIcon4.png/Oden2.png/PantheonMasterBotV01TesterV2 (Use_Time_Filter Start_Time_(HH) Start_Time_(mm) Duration_Time_(HH) Duration_Time_(mm) averageFast averageSlow averageTrend UseTrend UseTrendReverse ProfitStop LossStop MaxTrades Contracts MaxStop Use_MaxStop MaxTPRatio Use_MaxTP Long Short Reverse Use_Kill Kill_Profit_Stop Kill_Loss_Stop Show_Current_PNL Show_Stats_Box Image_Opacity Corner_Image Background_Image Bot_Name ),3610,10685,-7075,1.51024734982332,-1535,23,0.521739130434783,
,1.51024734982332,True/2/0/3/0/8/155/300/False/False/1/801/10/1/140/True/1.6/True/True/False/False/False/800/400/False/False/0.3/panthionIcon4.png/Oden2.png/PantheonMasterBotV01TesterV2 (Use_Time_Filter Start_Time_(HH) Start_Time_(mm) Duration_Time_(HH) Duration_Time_(mm) averageFast averageSlow averageTrend UseTrend UseTrendReverse ProfitStop LossStop MaxTrades Contracts MaxStop Use_MaxStop MaxTPRatio Use_MaxTP Long Short Reverse Use_Kill Kill_Profit_Stop Kill_Loss_Stop Show_Current_PNL Show_Stats_Box Image_Opacity Corner_Image Background_Image Bot_Name ),3610,10685,-7075,1.51024734982332,-1535,23,0.521739130434783,
,1.51024734982332,True/2/0/3/0/8/155/300/False/False/1/801/16/1/140/True/1.6/True/True/False/False/False/800/400/False/False/0.3/panthionIcon4.png/Oden2.png/PantheonMasterBotV01TesterV2 (Use_Time_Filter Start_Time_(HH) Start_Time_(mm) Duration_Time_(HH) Duration_Time_(mm) averageFast averageSlow averageTrend UseTrend UseTrendReverse ProfitStop LossStop MaxTrades Contracts MaxStop Use_MaxStop MaxTPRatio Use_MaxTP Long Short Reverse Use_Kill Kill_Profit_Stop Kill_Loss_Stop Show_Current_PNL Show_Stats_Box Image_Opacity Corner_Image Background_Image Bot_Name ),3610,10685,-7075,1.51024734982332,-1535,23,0.521739130434783,
,1.51024734982332,True/2/0/3/0/8/155/300/False/False/1/801/6/1/140/True/1.6/True/True/False/False/False/800/400/False/False/0.3/panthionIcon4.png/Oden2.png/PantheonMasterBotV01TesterV2 (Use_Time_Filter Start_Time_(HH) Start_Time_(mm) Duration_Time_(HH) Duration_Time_(mm) averageFast averageSlow averageTrend UseTrend UseTrendReverse ProfitStop LossStop MaxTrades Contracts MaxStop Use_MaxStop MaxTPRatio Use_MaxTP Long Short Reverse Use_Kill Kill_Profit_Stop Kill_Loss_Stop Show_Current_PNL Show_Stats_Box Image_Opacity Corner_Image Background_Image Bot_Name ),3610,10685,-7075,1.51024734982332,-1535,23,0.521739130434783,
,1.51024734982332,True/2/0/3/0/8/155/300/False/False/1/801/9/1/140/True/1.6/True/True/False/False/False/800/400/False/False/0.3/panthionIcon4.png/Oden2.png/PantheonMasterBotV01TesterV2 (Use_Time_Filter Start_Time_(HH) Start_Time_(mm) Duration_Time_(HH) Duration_Time_(mm) averageFast averageSlow averageTrend UseTrend UseTrendReverse ProfitStop LossStop MaxTrades Contracts MaxStop Use_MaxStop MaxTPRatio Use_MaxTP Long Short Reverse Use_Kill Kill_Profit_Stop Kill_Loss_Stop Show_Current_PNL Show_Stats_Box Image_Opacity Corner_Image Background_Image Bot_Name ),3610,10685,-7075,1.51024734982332,-1535,23,0.521739130434783,
,1.51024734982332,True/2/0/3/0/8/155/300/False/False/1/801/11/1/140/True/1.6/True/True/False/False/False/800/400/False/False/0.3/panthionIcon4.png/Oden2.png/PantheonMasterBotV01TesterV2 (Use_Time_Filter Start_Time_(HH) Start_Time_(mm) Duration_Time_(HH) Duration_Time_(mm) averageFast averageSlow averageTrend UseTrend UseTrendReverse ProfitStop LossStop MaxTrades Contracts MaxStop Use_MaxStop MaxTPRatio Use_MaxTP Long Short Reverse Use_Kill Kill_Profit_Stop Kill_Loss_Stop Show_Current_PNL Show_Stats_Box Image_Opacity Corner_Image Background_Image Bot_Name ),3610,10685,-7075,1.51024734982332,-1535,23,0.521739130434783,
,1.51024734982332,True/2/0/3/0/8/155/300/False/False/1001/801/6/1/140/True/1.6/True/True/False/False/False/800/400/False/False/0.3/panthionIcon4.png/Oden2.png/PantheonMasterBotV01TesterV2 (Use_Time_Filter Start_Time_(HH) Start_Time_(mm) Duration_Time_(HH) Duration_Time_(mm) averageFast averageSlow averageTrend UseTrend UseTrendReverse ProfitStop LossStop MaxTrades Contracts MaxStop Use_MaxStop MaxTPRatio Use_MaxTP Long Short Reverse Use_Kill Kill_Profit_Stop Kill_Loss_Stop Show_Current_PNL Show_Stats_Box Image_Opacity Corner_Image Background_Image Bot_Name ),3610,10685,-7075,1.51024734982332,-1535,23,0.521739130434783,
,1.51024734982332,True/2/0/3/0/8/155/300/False/False/1001/801/4/1/140/True/1.6/True/True/False/False/False/800/400/False/False/0.3/panthionIcon4.png/Oden2.png/PantheonMasterBotV01TesterV2 (Use_Time_Filter Start_Time_(HH) Start_Time_(mm) Duration_Time_(HH) Duration_Time_(mm) averageFast averageSlow averageTrend UseTrend UseTrendReverse ProfitStop LossStop MaxTrades Contracts MaxStop Use_MaxStop MaxTPRatio Use_MaxTP Long Short Reverse Use_Kill Kill_Profit_Stop Kill_Loss_Stop Show_Current_PNL Show_Stats_Box Image_Opacity Corner_Image Background_Image Bot_Name ),3610,10685,-7075,1.51024734982332,-1535,23,0.521739130434783,
,1.51024734982332,True/2/0/3/0/8/155/300/False/False/1001/801/8/1/140/True/1.6/True/True/False/False/False/800/400/False/False/0.3/panthionIcon4.png/Oden2.png/PantheonMasterBotV01TesterV2 (Use_Time_Filter Start_Time_(HH) Start_Time_(mm) Duration_Time_(HH) Duration_Time_(mm) averageFast averageSlow averageTrend UseTrend UseTrendReverse ProfitStop LossStop MaxTrades Contracts MaxStop Use_MaxStop MaxTPRatio Use_MaxTP Long Short Reverse Use_Kill Kill_Profit_Stop Kill_Loss_Stop Show_Current_PNL Show_Stats_Box Image_Opacity Corner_Image Background_Image Bot_Name ),3610,10685,-7075,1.51024734982332,-1535,23,0.521739130434783,
,1.51024734982332,True/2/0/3/0/8/155/300/False/False/1001/801/12/1/140/True/1.6/True/True/False/False/False/800/400/False/False/0.3/panthionIcon4.png/Oden2.png/PantheonMasterBotV01TesterV2 (Use_Time_Filter Start_Time_(HH) Start_Time_(mm) Duration_Time_(HH) Duration_Time_(mm) averageFast averageSlow averageTrend UseTrend UseTrendReverse ProfitStop LossStop MaxTrades Contracts MaxStop Use_MaxStop MaxTPRatio Use_MaxTP Long Short Reverse Use_Kill Kill_Profit_Stop Kill_Loss_Stop Show_Current_PNL Show_Stats_Box Image_Opacity Corner_Image Background_Image Bot_Name ),3610,10685,-7075,1.51024734982332,-1535,23,0.521739130434783,
,1.51024734982332,True/2/0/3/0/8/155/300/False/False/1001/801/7/1/140/True/1.6/True/True/False/False/False/800/400/False/False/0.3/panthionIcon4.png/Oden2.png/PantheonMasterBotV01TesterV2 (Use_Time_Filter Start_Time_(HH) Start_Time_(mm) Duration_Time_(HH) Duration_Time_(mm) averageFast averageSlow averageTrend UseTrend UseTrendReverse ProfitStop LossStop MaxTrades Contracts MaxStop Use_MaxStop MaxTPRatio Use_MaxTP Long Short Reverse Use_Kill Kill_Profit_Stop Kill_Loss_Stop Show_Current_PNL Show_Stats_Box Image_Opacity Corner_Image Background_Image Bot_Name ),3610,10685,-7075,1.51024734982332,-1535,23,0.521739130434783,
,1.51024734982332,True/2/0/3/0/8/155/300/False/False/1001/801/10/1/140/True/1.6/True/True/False/False/False/800/400/False/False/0.3/panthionIcon4.png/Oden2.png/PantheonMasterBotV01TesterV2 (Use_Time_Filter Start_Time_(HH) Start_Time_(mm) Duration_Time_(HH) Duration_Time_(mm) averageFast averageSlow averageTrend UseTrend UseTrendReverse ProfitStop LossStop MaxTrades Contracts MaxStop Use_MaxStop MaxTPRatio Use_MaxTP Long Short Reverse Use_Kill Kill_Profit_Stop Kill_Loss_Stop Show_Current_PNL Show_Stats_Box Image_Opacity Corner_Image Background_Image Bot_Name ),3610,10685,-7075,1.51024734982332,-1535,23,0.521739130434783,
,1.51024734982332,True/2/0/3/0/8/155/300/False/False/1001/801/5/1/140/True/1.6/True/True/False/False/False/800/400/False/False/0.3/panthionIcon4.png/Oden2.png/PantheonMasterBotV01TesterV2 (Use_Time_Filter Start_Time_(HH) Start_Time_(mm) Duration_Time_(HH) Duration_Time_(mm) averageFast averageSlow averageTrend UseTrend UseTrendReverse ProfitStop LossStop MaxTrades Contracts MaxStop Use_MaxStop MaxTPRatio Use_MaxTP Long Short Reverse Use_Kill Kill_Profit_Stop Kill_Loss_Stop Show_Current_PNL Show_Stats_Box Image_Opacity Corner_Image Background_Image Bot_Name ),3610,10685,-7075,1.51024734982332,-1535,23,0.521739130434783,
,1.51024734982332,True/2/0/3/0/8/155/300/False/False/1001/801/3/1/140/True/1.6/True/True/False/False/False/800/400/False/False/0.3/panthionIcon4.png/Oden2.png/PantheonMasterBotV01TesterV2 (Use_Time_Filter Start_Time_(HH) Start_Time_(mm) Duration_Time_(HH) Duration_Time_(mm) averageFast averageSlow averageTrend UseTrend UseTrendReverse ProfitStop LossStop MaxTrades Contracts MaxStop Use_MaxStop MaxTPRatio Use_MaxTP Long Short Reverse Use_Kill Kill_Profit_Stop Kill_Loss_Stop Show_Current_PNL Show_Stats_Box Image_Opacity Corner_Image Background_Image Bot_Name ),3610,10685,-7075,1.51024734982332,-1535,23,0.521739130434783,
,1.51024734982332,True/2/0/3/0/8/155/300/False/False/1001/801/11/1/140/True/1.6/True/True/False/False/False/800/400/False/False/0.3/panthionIcon4.png/Oden2.png/PantheonMasterBotV01TesterV2 (Use_Time_Filter Start_Time_(HH) Start_Time_(mm) Duration_Time_(HH) Duration_Time_(mm) averageFast averageSlow averageTrend UseTrend UseTrendReverse ProfitStop LossStop MaxTrades Contracts MaxStop Use_MaxStop MaxTPRatio Use_MaxTP Long Short Reverse Use_Kill Kill_Profit_Stop Kill_Loss_Stop Show_Current_PNL Show_Stats_Box Image_Opacity Corner_Image Background_Image Bot_Name ),3610,10685,-7075,1.51024734982332,-1535,23,0.521739130434783,
,1.51024734982332,True/2/0/3/0/8/155/300/False/False/1001/801/9/1/140/True/1.6/True/True/False/False/False/800/400/False/False/0.3/panthionIcon4.png/Oden2.png/PantheonMasterBotV01TesterV2 (Use_Time_Filter Start_Time_(HH) Start_Time_(mm) Duration_Time_(HH) Duration_Time_(mm) averageFast averageSlow averageTrend UseTrend UseTrendReverse ProfitStop LossStop MaxTrades Contracts MaxStop Use_MaxStop MaxTPRatio Use_MaxTP Long Short Reverse Use_Kill Kill_Profit_Stop Kill_Loss_Stop Show_Current_PNL Show_Stats_Box Image_Opacity Corner_Image Background_Image Bot_Name ),3610,10685,-7075,1.51024734982332,-1535,23,0.521739130434783,
,1.51024734982332,True/2/0/3/0/8/155/300/False/False/1001/801/13/1/140/True/1.6/True/True/False/False/False/800/400/False/False/0.3/panthionIcon4.png/Oden2.png/PantheonMasterBotV01TesterV2 (Use_Time_Filter Start_Time_(HH) Start_Time_(mm) Duration_Time_(HH) Duration_Time_(mm) averageFast averageSlow averageTrend UseTrend UseTrendReverse ProfitStop LossStop MaxTrades Contracts MaxStop Use_MaxStop MaxTPRatio Use_MaxTP Long Short Reverse Use_Kill Kill_Profit_Stop Kill_Loss_Stop Show_Current_PNL Show_Stats_Box Image_Opacity Corner_Image Background_Image Bot_Name ),3610,10685,-7075,1.51024734982332,-1535,23,0.521739130434783,
,1.51024734982332,True/2/0/3/0/8/155/300/False/False/1001/801/16/1/140/True/1.6/True/True/False/False/False/800/400/False/False/0.3/panthionIcon4.png/Oden2.png/PantheonMasterBotV01TesterV2 (Use_Time_Filter Start_Time_(HH) Start_Time_(mm) Duration_Time_(HH) Duration_Time_(mm) averageFast averageSlow averageTrend UseTrend UseTrendReverse ProfitStop LossStop MaxTrades Contracts MaxStop Use_MaxStop MaxTPRatio Use_MaxTP Long Short Reverse Use_Kill Kill_Profit_Stop Kill_Loss_Stop Show_Current_PNL Show_Stats_Box Image_Opacity Corner_Image Background_Image Bot_Name ),3610,10685,-7075,1.51024734982332,-1535,23,0.521739130434783,
,1.51024734982332,True/2/0/3/0/8/155/300/False/False/1001/801/15/1/140/True/1.6/True/True/False/False/False/800/400/False/False/0.3/panthionIcon4.png/Oden2.png/PantheonMasterBotV01TesterV2 (Use_Time_Filter Start_Time_(HH) Start_Time_(mm) Duration_Time_(HH) Duration_Time_(mm) averageFast averageSlow averageTrend UseTrend UseTrendReverse ProfitStop LossStop MaxTrades Contracts MaxStop Use_MaxStop MaxTPRatio Use_MaxTP Long Short Reverse Use_Kill Kill_Profit_Stop Kill_Loss_Stop Show_Current_PNL Show_Stats_Box Image_Opacity Corner_Image Background_Image Bot_Name ),3610,10685,-7075,1.51024734982332,-1535,23,0.521739130434783,
,1.51024734982332,True/2/0/3/0/8/155/300/False/False/1001/801/18/1/140/True/1.6/True/True/False/False/False/800/400/False/False/0.3/panthionIcon4.png/Oden2.png/PantheonMasterBotV01TesterV2 (Use_Time_Filter Start_Time_(HH) Start_Time_(mm) Duration_Time_(HH) Duration_Time_(mm) averageFast averageSlow averageTrend UseTrend UseTrendReverse ProfitStop LossStop MaxTrades Contracts MaxStop Use_MaxStop MaxTPRatio Use_MaxTP Long Short Reverse Use_Kill Kill_Profit_Stop Kill_Loss_Stop Show_Current_PNL Show_Stats_Box Image_Opacity Corner_Image Background_Image Bot_Name ),3610,10685,-7075,1.51024734982332,-1535,23,0.521739130434783,
,1.51024734982332,True/2/0/3/0/8/155/300/False/False/1001/801/20/1/140/True/1.6/True/True/False/False/False/800/400/False/False/0.3/panthionIcon4.png/Oden2.png/PantheonMasterBotV01TesterV2 (Use_Time_Filter Start_Time_(HH) Start_Time_(mm) Duration_Time_(HH) Duration_Time_(mm) averageFast averageSlow averageTrend UseTrend UseTrendReverse ProfitStop LossStop MaxTrades Contracts MaxStop Use_MaxStop MaxTPRatio Use_MaxTP Long Short Reverse Use_Kill Kill_Profit_Stop Kill_Loss_Stop Show_Current_PNL Show_Stats_Box Image_Opacity Corner_Image Background_Image Bot_Name ),3610,10685,-7075,1.51024734982332,-1535,23,0.521739130434783,
,1.51024734982332,True/2/0/3/0/8/155/300/False/False/1001/801/17/1/140/True/1.6/True/True/False/False/False/800/400/False/False/0.3/panthionIcon4.png/Oden2.png/PantheonMasterBotV01TesterV2 (Use_Time_Filter Start_Time_(HH) Start_Time_(mm) Duration_Time_(HH) Duration_Time_(mm) averageFast averageSlow averageTrend UseTrend UseTrendReverse ProfitStop LossStop MaxTrades Contracts MaxStop Use_MaxStop MaxTPRatio Use_MaxTP Long Short Reverse Use_Kill Kill_Profit_Stop Kill_Loss_Stop Show_Current_PNL Show_Stats_Box Image_Opacity Corner_Image Background_Image Bot_Name ),3610,10685,-7075,1.51024734982332,-1535,23,0.521739130434783,
,1.51024734982332,True/2/0/3/0/8/155/300/False/False/1001/801/14/1/140/True/1.6/True/True/False/False/False/800/400/False/False/0.3/panthionIcon4.png/Oden2.png/PantheonMasterBotV01TesterV2 (Use_Time_Filter Start_Time_(HH) Start_Time_(mm) Duration_Time_(HH) Duration_Time_(mm) averageFast averageSlow averageTrend UseTrend UseTrendReverse ProfitStop LossStop MaxTrades Contracts MaxStop Use_MaxStop MaxTPRatio Use_MaxTP Long Short Reverse Use_Kill Kill_Profit_Stop Kill_Loss_Stop Show_Current_PNL Show_Stats_Box Image_Opacity Corner_Image Background_Image Bot_Name ),3610,10685,-7075,1.51024734982332,-1535,23,0.521739130434783,
,1.51024734982332,True/2/0/3/0/8/155/300/False/False/1001/801/19/1/140/True/1.6/True/True/False/False/False/800/400/False/False/0.3/panthionIcon4.png/Oden2.png/PantheonMasterBotV01TesterV2 (Use_Time_Filter Start_Time_(HH) Start_Time_(mm) Duration_Time_(HH) Duration_Time_(mm) averageFast averageSlow averageTrend UseTrend UseTrendReverse ProfitStop LossStop MaxTrades Contracts MaxStop Use_MaxStop MaxTPRatio Use_MaxTP Long Short Reverse Use_Kill Kill_Profit_Stop Kill_Loss_Stop Show_Current_PNL Show_Stats_Box Image_Opacity Corner_Image Background_Image Bot_Name ),3610,10685,-7075,1.51024734982332,-1535,23,0.521739130434783,
,1.34920634920635,True/2/0/3/0/8/155/300/False/False/1/801/2/1/140/True/1.6/True/True/False/False/False/800/400/False/False/0.3/panthionIcon4.png/Oden2.png/PantheonMasterBotV01TesterV2 (Use_Time_Filter Start_Time_(HH) Start_Time_(mm) Duration_Time_(HH) Duration_Time_(mm) averageFast averageSlow averageTrend UseTrend UseTrendReverse ProfitStop LossStop MaxTrades Contracts MaxStop Use_MaxStop MaxTPRatio Use_MaxTP Long Short Reverse Use_Kill Kill_Profit_Stop Kill_Loss_Stop Show_Current_PNL Show_Stats_Box Image_Opacity Corner_Image Background_Image Bot_Name ),2420,9350,-6930,1.34920634920635,-1400,22,0.454545454545455,
,1.33261183261183,True/2/0/3/0/8/155/300/False/False/1001/801/2/1/140/True/1.6/True/True/False/False/False/800/400/False/False/0.3/panthionIcon4.png/Oden2.png/PantheonMasterBotV01TesterV2 (Use_Time_Filter Start_Time_(HH) Start_Time_(mm) Duration_Time_(HH) Duration_Time_(mm) averageFast averageSlow averageTrend UseTrend UseTrendReverse ProfitStop LossStop MaxTrades Contracts MaxStop Use_MaxStop MaxTPRatio Use_MaxTP Long Short Reverse Use_Kill Kill_Profit_Stop Kill_Loss_Stop Show_Current_PNL Show_Stats_Box Image_Opacity Corner_Image Background_Image Bot_Name ),2305,9235,-6930,1.33261183261183,-1400,21,0.428571428571429,
,1.24508320726172,True/2/0/3/0/8/155/300/False/False/1/1/2/1/140/True/1.6/True/True/False/False/False/800/400/False/False/0.3/panthionIcon4.png/Oden2.png/PantheonMasterBotV01TesterV2 (Use_Time_Filter Start_Time_(HH) Start_Time_(mm) Duration_Time_(HH) Duration_Time_(mm) averageFast averageSlow averageTrend UseTrend UseTrendReverse ProfitStop LossStop MaxTrades Contracts MaxStop Use_MaxStop MaxTPRatio Use_MaxTP Long Short Reverse Use_Kill Kill_Profit_Stop Kill_Loss_Stop Show_Current_PNL Show_Stats_Box Image_Opacity Corner_Image Background_Image Bot_Name ),1620,8230,-6610,1.24508320726172,-1400,19,0.473684210526316,
,1.22768532526475,True/2/0/3/0/8/155/300/False/False/1001/1/2/1/140/True/1.6/True/True/False/False/False/800/400/False/False/0.3/panthionIcon4.png/Oden2.png/PantheonMasterBotV01TesterV2 (Use_Time_Filter Start_Time_(HH) Start_Time_(mm) Duration_Time_(HH) Duration_Time_(mm) averageFast averageSlow averageTrend UseTrend UseTrendReverse ProfitStop LossStop MaxTrades Contracts MaxStop Use_MaxStop MaxTPRatio Use_MaxTP Long Short Reverse Use_Kill Kill_Profit_Stop Kill_Loss_Stop Show_Current_PNL Show_Stats_Box Image_Opacity Corner_Image Background_Image Bot_Name ),1505,8115,-6610,1.22768532526475,-1400,18,0.444444444444444,
,1.17571428571429,True/2/0/3/0/8/155/300/False/False/1/1/10/1/140/True/1.6/True/True/False/False/False/800/400/False/False/0.3/panthionIcon4.png/Oden2.png/PantheonMasterBotV01TesterV2 (Use_Time_Filter Start_Time_(HH) Start_Time_(mm) Duration_Time_(HH) Duration_Time_(mm) averageFast averageSlow averageTrend UseTrend UseTrendReverse ProfitStop LossStop MaxTrades Contracts MaxStop Use_MaxStop MaxTPRatio Use_MaxTP Long Short Reverse Use_Kill Kill_Profit_Stop Kill_Loss_Stop Show_Current_PNL Show_Stats_Box Image_Opacity Corner_Image Background_Image Bot_Name ),1230,8230,-7000,1.17571428571429,-1680,19,0.473684210526316,
,1.17571428571429,True/2/0/3/0/8/155/300/False/False/1/1/4/1/140/True/1.6/True/True/False/False/False/800/400/False/False/0.3/panthionIcon4.png/Oden2.png/PantheonMasterBotV01TesterV2 (Use_Time_Filter Start_Time_(HH) Start_Time_(mm) Duration_Time_(HH) Duration_Time_(mm) averageFast averageSlow averageTrend UseTrend UseTrendReverse ProfitStop LossStop MaxTrades Contracts MaxStop Use_MaxStop MaxTPRatio Use_MaxTP Long Short Reverse Use_Kill Kill_Profit_Stop Kill_Loss_Stop Show_Current_PNL Show_Stats_Box Image_Opacity Corner_Image Background_Image Bot_Name ),1230,8230,-7000,1.17571428571429,-1680,19,0.473684210526316,
,1.17571428571429,True/2/0/3/0/8/155/300/False/False/1/1/11/1/140/True/1.6/True/True/False/False/False/800/400/False/False/0.3/panthionIcon4.png/Oden2.png/PantheonMasterBotV01TesterV2 (Use_Time_Filter Start_Time_(HH) Start_Time_(mm) Duration_Time_(HH) Duration_Time_(mm) averageFast averageSlow averageTrend UseTrend UseTrendReverse ProfitStop LossStop MaxTrades Contracts MaxStop Use_MaxStop MaxTPRatio Use_MaxTP Long Short Reverse Use_Kill Kill_Profit_Stop Kill_Loss_Stop Show_Current_PNL Show_Stats_Box Image_Opacity Corner_Image Background_Image Bot_Name ),1230,8230,-7000,1.17571428571429,-1680,19,0.473684210526316,
,1.17571428571429,True/2/0/3/0/8/155/300/False/False/1/1/16/1/140/True/1.6/True/True/False/False/False/800/400/False/False/0.3/panthionIcon4.png/Oden2.png/PantheonMasterBotV01TesterV2 (Use_Time_Filter Start_Time_(HH) Start_Time_(mm) Duration_Time_(HH) Duration_Time_(mm) averageFast averageSlow averageTrend UseTrend UseTrendReverse ProfitStop LossStop MaxTrades Contracts MaxStop Use_MaxStop MaxTPRatio Use_MaxTP Long Short Reverse Use_Kill Kill_Profit_Stop Kill_Loss_Stop Show_Current_PNL Show_Stats_Box Image_Opacity Corner_Image Background_Image Bot_Name ),1230,8230,-7000,1.17571428571429,-1680,19,0.473684210526316,
,1.17571428571429,True/2/0/3/0/8/155/300/False/False/1/1/3/1/140/True/1.6/True/True/False/False/False/800/400/False/False/0.3/panthionIcon4.png/Oden2.png/PantheonMasterBotV01TesterV2 (Use_Time_Filter Start_Time_(HH) Start_Time_(mm) Duration_Time_(HH) Duration_Time_(mm) averageFast averageSlow averageTrend UseTrend UseTrendReverse ProfitStop LossStop MaxTrades Contracts MaxStop Use_MaxStop MaxTPRatio Use_MaxTP Long Short Reverse Use_Kill Kill_Profit_Stop Kill_Loss_Stop Show_Current_PNL Show_Stats_Box Image_Opacity Corner_Image Background_Image Bot_Name ),1230,8230,-7000,1.17571428571429,-1680,19,0.473684210526316,
,1.17571428571429,True/2/0/3/0/8/155/300/False/False/1/1/9/1/140/True/1.6/True/True/False/False/False/800/400/False/False/0.3/panthionIcon4.png/Oden2.png/PantheonMasterBotV01TesterV2 (Use_Time_Filter Start_Time_(HH) Start_Time_(mm) Duration_Time_(HH) Duration_Time_(mm) averageFast averageSlow averageTrend UseTrend UseTrendReverse ProfitStop LossStop MaxTrades Contracts MaxStop Use_MaxStop MaxTPRatio Use_MaxTP Long Short Reverse Use_Kill Kill_Profit_Stop Kill_Loss_Stop Show_Current_PNL Show_Stats_Box Image_Opacity Corner_Image Background_Image Bot_Name ),1230,8230,-7000,1.17571428571429,-1680,19,0.473684210526316,
,1.17571428571429,True/2/0/3/0/8/155/300/False/False/1/1/18/1/140/True/1.6/True/True/False/False/False/800/400/False/False/0.3/panthionIcon4.png/Oden2.png/PantheonMasterBotV01TesterV2 (Use_Time_Filter Start_Time_(HH) Start_Time_(mm) Duration_Time_(HH) Duration_Time_(mm) averageFast averageSlow averageTrend UseTrend UseTrendReverse ProfitStop LossStop MaxTrades Contracts MaxStop Use_MaxStop MaxTPRatio Use_MaxTP Long Short Reverse Use_Kill Kill_Profit_Stop Kill_Loss_Stop Show_Current_PNL Show_Stats_Box Image_Opacity Corner_Image Background_Image Bot_Name ),1230,8230,-7000,1.17571428571429,-1680,19,0.473684210526316,
,1.17571428571429,True/2/0/3/0/8/155/300/False/False/1/1/19/1/140/True/1.6/True/True/False/False/False/800/400/False/False/0.3/panthionIcon4.png/Oden2.png/PantheonMasterBotV01TesterV2 (Use_Time_Filter Start_Time_(HH) Start_Time_(mm) Duration_Time_(HH) Duration_Time_(mm) averageFast averageSlow averageTrend UseTrend UseTrendReverse ProfitStop LossStop MaxTrades Contracts MaxStop Use_MaxStop MaxTPRatio Use_MaxTP Long Short Reverse Use_Kill Kill_Profit_Stop Kill_Loss_Stop Show_Current_PNL Show_Stats_Box Image_Opacity Corner_Image Background_Image Bot_Name ),1230,8230,-7000,1.17571428571429,-1680,19,0.473684210526316,
,1.17571428571429,True/2/0/3/0/8/155/300/False/False/1/1/13/1/140/True/1.6/True/True/False/False/False/800/400/False/False/0.3/panthionIcon4.png/Oden2.png/PantheonMasterBotV01TesterV2 (Use_Time_Filter Start_Time_(HH) Start_Time_(mm) Duration_Time_(HH) Duration_Time_(mm) averageFast averageSlow averageTrend UseTrend UseTrendReverse ProfitStop LossStop MaxTrades Contracts MaxStop Use_MaxStop MaxTPRatio Use_MaxTP Long Short Reverse Use_Kill Kill_Profit_Stop Kill_Loss_Stop Show_Current_PNL Show_Stats_Box Image_Opacity Corner_Image Background_Image Bot_Name ),1230,8230,-7000,1.17571428571429,-1680,19,0.473684210526316,
,1.17571428571429,True/2/0/3/0/8/155/300/False/False/1/1/14/1/140/True/1.6/True/True/False/False/False/800/400/False/False/0.3/panthionIcon4.png/Oden2.png/PantheonMasterBotV01TesterV2 (Use_Time_Filter Start_Time_(HH) Start_Time_(mm) Duration_Time_(HH) Duration_Time_(mm) averageFast averageSlow averageTrend UseTrend UseTrendReverse ProfitStop LossStop MaxTrades Contracts MaxStop Use_MaxStop MaxTPRatio Use_MaxTP Long Short Reverse Use_Kill Kill_Profit_Stop Kill_Loss_Stop Show_Current_PNL Show_Stats_Box Image_Opacity Corner_Image Background_Image Bot_Name ),1230,8230,-7000,1.17571428571429,-1680,19,0.473684210526316,
,1.17571428571429,True/2/0/3/0/8/155/300/False/False/1/1/8/1/140/True/1.6/True/True/False/False/False/800/400/False/False/0.3/panthionIcon4.png/Oden2.png/PantheonMasterBotV01TesterV2 (Use_Time_Filter Start_Time_(HH) Start_Time_(mm) Duration_Time_(HH) Duration_Time_(mm) averageFast averageSlow averageTrend UseTrend UseTrendReverse ProfitStop LossStop MaxTrades Contracts MaxStop Use_MaxStop MaxTPRatio Use_MaxTP Long Short Reverse Use_Kill Kill_Profit_Stop Kill_Loss_Stop Show_Current_PNL Show_Stats_Box Image_Opacity Corner_Image Background_Image Bot_Name ),1230,8230,-7000,1.17571428571429,-1680,19,0.473684210526316,
,1.17571428571429,True/2/0/3/0/8/155/300/False/False/1/1/7/1/140/True/1.6/True/True/False/False/False/800/400/False/False/0.3/panthionIcon4.png/Oden2.png/PantheonMasterBotV01TesterV2 (Use_Time_Filter Start_Time_(HH) Start_Time_(mm) Duration_Time_(HH) Duration_Time_(mm) averageFast averageSlow averageTrend UseTrend UseTrendReverse ProfitStop LossStop MaxTrades Contracts MaxStop Use_MaxStop MaxTPRatio Use_MaxTP Long Short Reverse Use_Kill Kill_Profit_Stop Kill_Loss_Stop Show_Current_PNL Show_Stats_Box Image_Opacity Corner_Image Background_Image Bot_Name ),1230,8230,-7000,1.17571428571429,-1680,19,0.473684210526316,
,1.17571428571429,True/2/0/3/0/8/155/300/False/False/1/1/20/1/140/True/1.6/True/True/False/False/False/800/400/False/False/0.3/panthionIcon4.png/Oden2.png/PantheonMasterBotV01TesterV2 (Use_Time_Filter Start_Time_(HH) Start_Time_(mm) Duration_Time_(HH) Duration_Time_(mm) averageFast averageSlow averageTrend UseTrend UseTrendReverse ProfitStop LossStop MaxTrades Contracts MaxStop Use_MaxStop MaxTPRatio Use_MaxTP Long Short Reverse Use_Kill Kill_Profit_Stop Kill_Loss_Stop Show_Current_PNL Show_Stats_Box Image_Opacity Corner_Image Background_Image Bot_Name ),1230,8230,-7000,1.17571428571429,-1680,19,0.473684210526316,
,1.17571428571429,True/2/0/3/0/8/155/300/False/False/1/1/6/1/140/True/1.6/True/True/False/False/False/800/400/False/False/0.3/panthionIcon4.png/Oden2.png/PantheonMasterBotV01TesterV2 (Use_Time_Filter Start_Time_(HH) Start_Time_(mm) Duration_Time_(HH) Duration_Time_(mm) averageFast averageSlow averageTrend UseTrend UseTrendReverse ProfitStop LossStop MaxTrades Contracts MaxStop Use_MaxStop MaxTPRatio Use_MaxTP Long Short Reverse Use_Kill Kill_Profit_Stop Kill_Loss_Stop Show_Current_PNL Show_Stats_Box Image_Opacity Corner_Image Background_Image Bot_Name ),1230,8230,-7000,1.17571428571429,-1680,19,0.473684210526316,
,1.17571428571429,True/2/0/3/0/8/155/300/False/False/1/1/17/1/140/True/1.6/True/True/False/False/False/800/400/False/False/0.3/panthionIcon4.png/Oden2.png/PantheonMasterBotV01TesterV2 (Use_Time_Filter Start_Time_(HH) Start_Time_(mm) Duration_Time_(HH) Duration_Time_(mm) averageFast averageSlow averageTrend UseTrend UseTrendReverse ProfitStop LossStop MaxTrades Contracts MaxStop Use_MaxStop MaxTPRatio Use_MaxTP Long Short Reverse Use_Kill Kill_Profit_Stop Kill_Loss_Stop Show_Current_PNL Show_Stats_Box Image_Opacity Corner_Image Background_Image Bot_Name ),1230,8230,-7000,1.17571428571429,-1680,19,0.473684210526316,
,1.17571428571429,True/2/0/3/0/8/155/300/False/False/1/1/5/1/140/True/1.6/True/True/False/False/False/800/400/False/False/0.3/panthionIcon4.png/Oden2.png/PantheonMasterBotV01TesterV2 (Use_Time_Filter Start_Time_(HH) Start_Time_(mm) Duration_Time_(HH) Duration_Time_(mm) averageFast averageSlow averageTrend UseTrend UseTrendReverse ProfitStop LossStop MaxTrades Contracts MaxStop Use_MaxStop MaxTPRatio Use_MaxTP Long Short Reverse Use_Kill Kill_Profit_Stop Kill_Loss_Stop Show_Current_PNL Show_Stats_Box Image_Opacity Corner_Image Background_Image Bot_Name ),1230,8230,-7000,1.17571428571429,-1680,19,0.473684210526316,
,1.17571428571429,True/2/0/3/0/8/155/300/False/False/1/1/12/1/140/True/1.6/True/True/False/False/False/800/400/False/False/0.3/panthionIcon4.png/Oden2.png/PantheonMasterBotV01TesterV2 (Use_Time_Filter Start_Time_(HH) Start_Time_(mm) Duration_Time_(HH) Duration_Time_(mm) averageFast averageSlow averageTrend UseTrend UseTrendReverse ProfitStop LossStop MaxTrades Contracts MaxStop Use_MaxStop MaxTPRatio Use_MaxTP Long Short Reverse Use_Kill Kill_Profit_Stop Kill_Loss_Stop Show_Current_PNL Show_Stats_Box Image_Opacity Corner_Image Background_Image Bot_Name ),1230,8230,-7000,1.17571428571429,-1680,19,0.473684210526316,
,1.17571428571429,True/2/0/3/0/8/155/300/False/False/1/1/15/1/140/True/1.6/True/True/False/False/False/800/400/False/False/0.3/panthionIcon4.png/Oden2.png/PantheonMasterBotV01TesterV2 (Use_Time_Filter Start_Time_(HH) Start_Time_(mm) Duration_Time_(HH) Duration_Time_(mm) averageFast averageSlow averageTrend UseTrend UseTrendReverse ProfitStop LossStop MaxTrades Contracts MaxStop Use_MaxStop MaxTPRatio Use_MaxTP Long Short Reverse Use_Kill Kill_Profit_Stop Kill_Loss_Stop Show_Current_PNL Show_Stats_Box Image_Opacity Corner_Image Background_Image Bot_Name ),1230,8230,-7000,1.17571428571429,-1680,19,0.473684210526316,
,1.15928571428571,True/2/0/3/0/8/155/300/False/False/1001/1/4/1/140/True/1.6/True/True/False/False/False/800/400/False/False/0.3/panthionIcon4.png/Oden2.png/PantheonMasterBotV01TesterV2 (Use_Time_Filter Start_Time_(HH) Start_Time_(mm) Duration_Time_(HH) Duration_Time_(mm) averageFast averageSlow averageTrend UseTrend UseTrendReverse ProfitStop LossStop MaxTrades Contracts MaxStop Use_MaxStop MaxTPRatio Use_MaxTP Long Short Reverse Use_Kill Kill_Profit_Stop Kill_Loss_Stop Show_Current_PNL Show_Stats_Box Image_Opacity Corner_Image Background_Image Bot_Name ),1115,8115,-7000,1.15928571428571,-1680,18,0.444444444444444,
,1.15928571428571,True/2/0/3/0/8/155/300/False/False/1001/1/8/1/140/True/1.6/True/True/False/False/False/800/400/False/False/0.3/panthionIcon4.png/Oden2.png/PantheonMasterBotV01TesterV2 (Use_Time_Filter Start_Time_(HH) Start_Time_(mm) Duration_Time_(HH) Duration_Time_(mm) averageFast averageSlow averageTrend UseTrend UseTrendReverse ProfitStop LossStop MaxTrades Contracts MaxStop Use_MaxStop MaxTPRatio Use_MaxTP Long Short Reverse Use_Kill Kill_Profit_Stop Kill_Loss_Stop Show_Current_PNL Show_Stats_Box Image_Opacity Corner_Image Background_Image Bot_Name ),1115,8115,-7000,1.15928571428571,-1680,18,0.444444444444444,
,1.15928571428571,True/2/0/3/0/8/155/300/False/False/1001/1/3/1/140/True/1.6/True/True/False/False/False/800/400/False/False/0.3/panthionIcon4.png/Oden2.png/PantheonMasterBotV01TesterV2 (Use_Time_Filter Start_Time_(HH) Start_Time_(mm) Duration_Time_(HH) Duration_Time_(mm) averageFast averageSlow averageTrend UseTrend UseTrendReverse ProfitStop LossStop MaxTrades Contracts MaxStop Use_MaxStop MaxTPRatio Use_MaxTP Long Short Reverse Use_Kill Kill_Profit_Stop Kill_Loss_Stop Show_Current_PNL Show_Stats_Box Image_Opacity Corner_Image Background_Image Bot_Name ),1115,8115,-7000,1.15928571428571,-1680,18,0.444444444444444,
,1.15928571428571,True/2/0/3/0/8/155/300/False/False/1001/1/6/1/140/True/1.6/True/True/False/False/False/800/400/False/False/0.3/panthionIcon4.png/Oden2.png/PantheonMasterBotV01TesterV2 (Use_Time_Filter Start_Time_(HH) Start_Time_(mm) Duration_Time_(HH) Duration_Time_(mm) averageFast averageSlow averageTrend UseTrend UseTrendReverse ProfitStop LossStop MaxTrades Contracts MaxStop Use_MaxStop MaxTPRatio Use_MaxTP Long Short Reverse Use_Kill Kill_Profit_Stop Kill_Loss_Stop Show_Current_PNL Show_Stats_Box Image_Opacity Corner_Image Background_Image Bot_Name ),1115,8115,-7000,1.15928571428571,-1680,18,0.444444444444444,
,1.15928571428571,True/2/0/3/0/8/155/300/False/False/1001/1/7/1/140/True/1.6/True/True/False/False/False/800/400/False/False/0.3/panthionIcon4.png/Oden2.png/PantheonMasterBotV01TesterV2 (Use_Time_Filter Start_Time_(HH) Start_Time_(mm) Duration_Time_(HH) Duration_Time_(mm) averageFast averageSlow averageTrend UseTrend UseTrendReverse ProfitStop LossStop MaxTrades Contracts MaxStop Use_MaxStop MaxTPRatio Use_MaxTP Long Short Reverse Use_Kill Kill_Profit_Stop Kill_Loss_Stop Show_Current_PNL Show_Stats_Box Image_Opacity Corner_Image Background_Image Bot_Name ),1115,8115,-7000,1.15928571428571,-1680,18,0.444444444444444,
,1.15928571428571,True/2/0/3/0/8/155/300/False/False/1001/1/5/1/140/True/1.6/True/True/False/False/False/800/400/False/False/0.3/panthionIcon4.png/Oden2.png/PantheonMasterBotV01TesterV2 (Use_Time_Filter Start_Time_(HH) Start_Time_(mm) Duration_Time_(HH) Duration_Time_(mm) averageFast averageSlow averageTrend UseTrend UseTrendReverse ProfitStop LossStop MaxTrades Contracts MaxStop Use_MaxStop MaxTPRatio Use_MaxTP Long Short Reverse Use_Kill Kill_Profit_Stop Kill_Loss_Stop Show_Current_PNL Show_Stats_Box Image_Opacity Corner_Image Background_Image Bot_Name ),1115,8115,-7000,1.15928571428571,-1680,18,0.444444444444444,
,1.15928571428571,True/2/0/3/0/8/155/300/False/False/1001/1/19/1/140/True/1.6/True/True/False/False/False/800/400/False/False/0.3/panthionIcon4.png/Oden2.png/PantheonMasterBotV01TesterV2 (Use_Time_Filter Start_Time_(HH) Start_Time_(mm) Duration_Time_(HH) Duration_Time_(mm) averageFast averageSlow averageTrend UseTrend UseTrendReverse ProfitStop LossStop MaxTrades Contracts MaxStop Use_MaxStop MaxTPRatio Use_MaxTP Long Short Reverse Use_Kill Kill_Profit_Stop Kill_Loss_Stop Show_Current_PNL Show_Stats_Box Image_Opacity Corner_Image Background_Image Bot_Name ),1115,8115,-7000,1.15928571428571,-1680,18,0.444444444444444,
,1.15928571428571,True/2/0/3/0/8/155/300/False/False/1001/1/9/1/140/True/1.6/True/True/False/False/False/800/400/False/False/0.3/panthionIcon4.png/Oden2.png/PantheonMasterBotV01TesterV2 (Use_Time_Filter Start_Time_(HH) Start_Time_(mm) Duration_Time_(HH) Duration_Time_(mm) averageFast averageSlow averageTrend UseTrend UseTrendReverse ProfitStop LossStop MaxTrades Contracts MaxStop Use_MaxStop MaxTPRatio Use_MaxTP Long Short Reverse Use_Kill Kill_Profit_Stop Kill_Loss_Stop Show_Current_PNL Show_Stats_Box Image_Opacity Corner_Image Background_Image Bot_Name ),1115,8115,-7000,1.15928571428571,-1680,18,0.444444444444444,
,1.15928571428571,True/2/0/3/0/8/155/300/False/False/1001/1/18/1/140/True/1.6/True/True/False/False/False/800/400/False/False/0.3/panthionIcon4.png/Oden2.png/PantheonMasterBotV01TesterV2 (Use_Time_Filter Start_Time_(HH) Start_Time_(mm) Duration_Time_(HH) Duration_Time_(mm) averageFast averageSlow averageTrend UseTrend UseTrendReverse ProfitStop LossStop MaxTrades Contracts MaxStop Use_MaxStop MaxTPRatio Use_MaxTP Long Short Reverse Use_Kill Kill_Profit_Stop Kill_Loss_Stop Show_Current_PNL Show_Stats_Box Image_Opacity Corner_Image Background_Image Bot_Name ),1115,8115,-7000,1.15928571428571,-1680,18,0.444444444444444,
,1.15928571428571,True/2/0/3/0/8/155/300/False/False/1001/1/12/1/140/True/1.6/True/True/False/False/False/800/400/False/False/0.3/panthionIcon4.png/Oden2.png/PantheonMasterBotV01TesterV2 (Use_Time_Filter Start_Time_(HH) Start_Time_(mm) Duration_Time_(HH) Duration_Time_(mm) averageFast averageSlow averageTrend UseTrend UseTrendReverse ProfitStop LossStop MaxTrades Contracts MaxStop Use_MaxStop MaxTPRatio Use_MaxTP Long Short Reverse Use_Kill Kill_Profit_Stop Kill_Loss_Stop Show_Current_PNL Show_Stats_Box Image_Opacity Corner_Image Background_Image Bot_Name ),1115,8115,-7000,1.15928571428571,-1680,18,0.444444444444444,
,1.15928571428571,True/2/0/3/0/8/155/300/False/False/1001/1/17/1/140/True/1.6/True/True/False/False/False/800/400/False/False/0.3/panthionIcon4.png/Oden2.png/PantheonMasterBotV01TesterV2 (Use_Time_Filter Start_Time_(HH) Start_Time_(mm) Duration_Time_(HH) Duration_Time_(mm) averageFast averageSlow averageTrend UseTrend UseTrendReverse ProfitStop LossStop MaxTrades Contracts MaxStop Use_MaxStop MaxTPRatio Use_MaxTP Long Short Reverse Use_Kill Kill_Profit_Stop Kill_Loss_Stop Show_Current_PNL Show_Stats_Box Image_Opacity Corner_Image Background_Image Bot_Name ),1115,8115,-7000,1.15928571428571,-1680,18,0.444444444444444,
,1.15928571428571,True/2/0/3/0/8/155/300/False/False/1001/1/11/1/140/True/1.6/True/True/False/False/False/800/400/False/False/0.3/panthionIcon4.png/Oden2.png/PantheonMasterBotV01TesterV2 (Use_Time_Filter Start_Time_(HH) Start_Time_(mm) Duration_Time_(HH) Duration_Time_(mm) averageFast averageSlow averageTrend UseTrend UseTrendReverse ProfitStop LossStop MaxTrades Contracts MaxStop Use_MaxStop MaxTPRatio Use_MaxTP Long Short Reverse Use_Kill Kill_Profit_Stop Kill_Loss_Stop Show_Current_PNL Show_Stats_Box Image_Opacity Corner_Image Background_Image Bot_Name ),1115,8115,-7000,1.15928571428571,-1680,18,0.444444444444444,
,1.15928571428571,True/2/0/3/0/8/155/300/False/False/1001/1/16/1/140/True/1.6/True/True/False/False/False/800/400/False/False/0.3/panthionIcon4.png/Oden2.png/PantheonMasterBotV01TesterV2 (Use_Time_Filter Start_Time_(HH) Start_Time_(mm) Duration_Time_(HH) Duration_Time_(mm) averageFast averageSlow averageTrend UseTrend UseTrendReverse ProfitStop LossStop MaxTrades Contracts MaxStop Use_MaxStop MaxTPRatio Use_MaxTP Long Short Reverse Use_Kill Kill_Profit_Stop Kill_Loss_Stop Show_Current_PNL Show_Stats_Box Image_Opacity Corner_Image Background_Image Bot_Name ),1115,8115,-7000,1.15928571428571,-1680,18,0.444444444444444,
,1.15928571428571,True/2/0/3/0/8/155/300/False/False/1001/1/14/1/140/True/1.6/True/True/False/False/False/800/400/False/False/0.3/panthionIcon4.png/Oden2.png/PantheonMasterBotV01TesterV2 (Use_Time_Filter Start_Time_(HH) Start_Time_(mm) Duration_Time_(HH) Duration_Time_(mm) averageFast averageSlow averageTrend UseTrend UseTrendReverse ProfitStop LossStop MaxTrades Contracts MaxStop Use_MaxStop MaxTPRatio Use_MaxTP Long Short Reverse Use_Kill Kill_Profit_Stop Kill_Loss_Stop Show_Current_PNL Show_Stats_Box Image_Opacity Corner_Image Background_Image Bot_Name ),1115,8115,-7000,1.15928571428571,-1680,18,0.444444444444444,
,1.15928571428571,True/2/0/3/0/8/155/300/False/False/1001/1/20/1/140/True/1.6/True/True/False/False/False/800/400/False/False/0.3/panthionIcon4.png/Oden2.png/PantheonMasterBotV01TesterV2 (Use_Time_Filter Start_Time_(HH) Start_Time_(mm) Duration_Time_(HH) Duration_Time_(mm) averageFast averageSlow averageTrend UseTrend UseTrendReverse ProfitStop LossStop MaxTrades Contracts MaxStop Use_MaxStop MaxTPRatio Use_MaxTP Long Short Reverse Use_Kill Kill_Profit_Stop Kill_Loss_Stop Show_Current_PNL Show_Stats_Box Image_Opacity Corner_Image Background_Image Bot_Name ),1115,8115,-7000,1.15928571428571,-1680,18,0.444444444444444,
,1.15928571428571,True/2/0/3/0/8/155/300/False/False/1001/1/13/1/140/True/1.6/True/True/False/False/False/800/400/False/False/0.3/panthionIcon4.png/Oden2.png/PantheonMasterBotV01TesterV2 (Use_Time_Filter Start_Time_(HH) Start_Time_(mm) Duration_Time_(HH) Duration_Time_(mm) averageFast averageSlow averageTrend UseTrend UseTrendReverse ProfitStop LossStop MaxTrades Contracts MaxStop Use_MaxStop MaxTPRatio Use_MaxTP Long Short Reverse Use_Kill Kill_Profit_Stop Kill_Loss_Stop Show_Current_PNL Show_Stats_Box Image_Opacity Corner_Image Background_Image Bot_Name ),1115,8115,-7000,1.15928571428571,-1680,18,0.444444444444444,
,1.15928571428571,True/2/0/3/0/8/155/300/False/False/1001/1/10/1/140/True/1.6/True/True/False/False/False/800/400/False/False/0.3/panthionIcon4.png/Oden2.png/PantheonMasterBotV01TesterV2 (Use_Time_Filter Start_Time_(HH) Start_Time_(mm) Duration_Time_(HH) Duration_Time_(mm) averageFast averageSlow averageTrend UseTrend UseTrendReverse ProfitStop LossStop MaxTrades Contracts MaxStop Use_MaxStop MaxTPRatio Use_MaxTP Long Short Reverse Use_Kill Kill_Profit_Stop Kill_Loss_Stop Show_Current_PNL Show_Stats_Box Image_Opacity Corner_Image Background_Image Bot_Name ),1115,8115,-7000,1.15928571428571,-1680,18,0.444444444444444,
,1.15928571428571,True/2/0/3/0/8/155/300/False/False/1001/1/15/1/140/True/1.6/True/True/False/False/False/800/400/False/False/0.3/panthionIcon4.png/Oden2.png/PantheonMasterBotV01TesterV2 (Use_Time_Filter Start_Time_(HH) Start_Time_(mm) Duration_Time_(HH) Duration_Time_(mm) averageFast averageSlow averageTrend UseTrend UseTrendReverse ProfitStop LossStop MaxTrades Contracts MaxStop Use_MaxStop MaxTPRatio Use_MaxTP Long Short Reverse Use_Kill Kill_Profit_Stop Kill_Loss_Stop Show_Current_PNL Show_Stats_Box Image_Opacity Corner_Image Background_Image Bot_Name ),1115,8115,-7000,1.15928571428571,-1680,18,0.444444444444444,
